instruction,question
"请对以下内容进行情感分析，请对于内容中表达的情感进行分类。
分类的标签来自以下六种情感：喜悦，悲伤，愤怒，恐惧，厌恶，中性。这六种情感的定义如下：

喜悦： 一种积极的情感，通常与快乐、满足和愉快相关。
悲伤： 一种负面情感，通常与失落、悲痛和沮丧相关。
愤怒： 一种情感，通常与愤怒、恼火和愤慨相关。
恐惧： 一种负面情感，通常与焦虑、害怕和不安相关。
厌恶： 一种情感，通常与厌恶、反感和恶心相关。
中性：只描述事实，没有任何上面五种情感的直接表达。

你只需要输出一种你认为最合适的分类。绝对不要输出对分类的解释，也不要输出任何的语义分割符号！","
""哇，我终于买到了我梦寐以求的 LV 挎包！我简直太开心了！这个挎包一直在我心里，每次看到它，
我都觉得它是我生活中的一个小梦想。现在，终于拥有它了，我感觉就像实现了一个小愿望。
它的设计、质感和细节都太棒了，我已经迫不及待要搭配它的时尚装扮，炫耀给朋友们看了。
这真的是我最喜欢的礼物，我觉得自己特别幸运和满足！""
"
"请对以下内容进行情感分析，请对于内容中表达的情感进行分类。
分类的标签来自以下六种情感：喜悦，悲伤，愤怒，恐惧，厌恶，中性。这六种情感的定义如下：

喜悦： 一种积极的情感，通常与快乐、满足和愉快相关。
悲伤： 一种负面情感，通常与失落、悲痛和沮丧相关。
愤怒： 一种情感，通常与愤怒、恼火和愤慨相关。
恐惧： 一种负面情感，通常与焦虑、害怕和不安相关。
厌恶： 一种情感，通常与厌恶、反感和恶心相关。
中性：只描述事实，没有任何上面五种情感的直接表达。

你只需要输出一种你认为最合适的分类。绝对不要输出对分类的解释，也不要输出任何的语义分割符号！","
刚刚看完《断背山》，我感到非常难受。这部电影真是令人心碎，故事中的角色经历了如此多的磨难和困难，
尤其是两位主角的命运，让我感到深深地同情。电影中的情感和剧情都令人难以承受，
但同时也让我反思生活中的各种挑战和爱的重要性。这是一部深刻而感人的电影。
"
"请对以下内容进行情感分析，请对于内容中表达的情感进行分类。
分类的标签来自以下六种情感：喜悦，悲伤，愤怒，恐惧，厌恶，中性。这六种情感的定义如下：

喜悦： 一种积极的情感，通常与快乐、满足和愉快相关。
悲伤： 一种负面情感，通常与失落、悲痛和沮丧相关。
愤怒： 一种情感，通常与愤怒、恼火和愤慨相关。
恐惧： 一种负面情感，通常与焦虑、害怕和不安相关。
厌恶： 一种情感，通常与厌恶、反感和恶心相关。
中性：只描述事实，没有任何上面五种情感的直接表达。

你只需要输出一种你认为最合适的分类。绝对不要输出对分类的解释，也不要输出任何的语义分割符号！","
这真是让人火大！我刚刚从经理的办公室出来，他居然指责我没有尽到相应的责任。
我完全不认同他的说法！我一直尽心尽力地工作，每天都加班加点，为了项目的成功付出了很多努力。
而现在，他竟然说我没有尽到责任，这真是不公平！我觉得自己被冤枉了！
"
"请对以下内容进行情感分析，请对于内容中表达的情感进行分类。
分类的标签来自以下六种情感：喜悦，悲伤，愤怒，恐惧，厌恶，中性。这六种情感的定义如下：

喜悦： 一种积极的情感，通常与快乐、满足和愉快相关。
悲伤： 一种负面情感，通常与失落、悲痛和沮丧相关。
愤怒： 一种情感，通常与愤怒、恼火和愤慨相关。
恐惧： 一种负面情感，通常与焦虑、害怕和不安相关。
厌恶： 一种情感，通常与厌恶、反感和恶心相关。
中性：只描述事实，没有任何上面五种情感的直接表达。

你只需要输出一种你认为最合适的分类。绝对不要输出对分类的解释，也不要输出任何的语义分割符号！","
我了解医生一再强调户外运动对健康的益处，但我真的感到极度害怕。
随着年龄的增长，我开始感受到骨骼和肌肉的减退，这使我对运动更加忧虑。
我担心过多的运动可能会导致意外的身体伤害，因为我不想让自己受伤，而这种担忧不断困扰着我。
虽然我理解运动对健康的好处，但同时也难以克服内心的担忧。
或许我应该寻找一种更安全的方式来保持健康，例如温和的锻炼或瑜伽，但我又害怕错过了户外锻炼的益处。
这真是一个让我感到纠结的问题，我发现自己陷入了一个两难的境地，希望能够找到一种方法来平衡我的需求。
或许与专业医生或教练交流，制定一个合适的健康计划，可以帮助我克服这种感觉并迈出第一步。
"
"请对以下内容进行情感分析，请对于内容中表达的情感进行分类。
分类的标签来自以下六种情感：喜悦，悲伤，愤怒，恐惧，厌恶，中性。这六种情感的定义如下：

喜悦： 一种积极的情感，通常与快乐、满足和愉快相关。
悲伤： 一种负面情感，通常与失落、悲痛和沮丧相关。
愤怒： 一种情感，通常与愤怒、恼火和愤慨相关。
恐惧： 一种负面情感，通常与焦虑、害怕和不安相关。
厌恶： 一种情感，通常与厌恶、反感和恶心相关。
中性：只描述事实，没有任何上面五种情感的直接表达。

你只需要输出一种你认为最合适的分类。绝对不要输出对分类的解释，也不要输出任何的语义分割符号！","
作为一名IT工程师，我深深地讨厌着我现在的工作。
每天面对着无尽的代码和繁琐的bug修复，我感到无比的疲惫和厌倦。
我对这种重复性的工作感到反感，它让我感到自己就像是一台机器，只会机械地完成任务而没有任何创造力和激情。
而且，与同事们的合作也让我感到非常的恶心。他们总是把责任推给别人，不愿意承担责任。
总之，我对我的工作非常排斥，希望能够尽快摆脱这种困境。
"
"请对以下内容进行情感分析，请对于内容中表达的情感进行分类。
分类的标签来自以下六种情感：喜悦，悲伤，愤怒，恐惧，厌恶，中性。这六种情感的定义如下：

喜悦： 一种积极的情感，通常与快乐、满足和愉快相关。
悲伤： 一种负面情感，通常与失落、悲痛和沮丧相关。
愤怒： 一种情感，通常与愤怒、恼火和愤慨相关。
恐惧： 一种负面情感，通常与焦虑、害怕和不安相关。
厌恶： 一种情感，通常与厌恶、反感和恶心相关。
中性：只描述事实，没有任何上面五种情感的直接表达。

你只需要输出一种你认为最合适的分类。绝对不要输出对分类的解释，也不要输出任何的语义分割符号！","
今天是星期一，天气晴朗，温度在摄氏25度左右。
我早上吃了牛奶和麦片，然后去上班。
在办公室里，我完成了一些工作任务，然后与同事讨论了下周的项目计划。
午餐时间，我吃了三明治和沙拉。下午，我参加了一个会议，讨论了公司的战略方向。
晚上回家后，我做了晚餐，然后看了一部电影。现在是晚上9点，我准备休息一下，明天继续工作。
"
"请对以下内容进行情感分析，请对于内容中表达的情感进行分类。
分类的标签来自以下六种情感：喜悦，悲伤，愤怒，恐惧，厌恶，中性。这六种情感的定义如下：

喜悦： 一种积极的情感，通常与快乐、满足和愉快相关。
悲伤： 一种负面情感，通常与失落、悲痛和沮丧相关。
愤怒： 一种情感，通常与愤怒、恼火和愤慨相关。
恐惧： 一种负面情感，通常与焦虑、害怕和不安相关。
厌恶： 一种情感，通常与厌恶、反感和恶心相关。
中性：只描述事实，没有任何上面五种情感的直接表达。

你只需要输出一种你认为最合适的分类。绝对不要输出对分类的解释，也不要输出任何的语义分割符号！","我决定去汽车驾驶学校学习驾驶，但是听到他们说我年龄太大，不仅如此，还要支付高额的保险费用。
我觉得他们对年长者歧视，这真是令人心情沮丧。
开始学习后，我发现自己掌握不好汽车的各种操作和设备的使用方式，这让我感到恐惧。
我担心自己在驾驶时可能会出现问题，对安全也有所担忧。
这真是一次令我感到困惑和挣扎的经历，但我还是得尽力克服这些困难，毕竟我也请不起司机。
每次上课我都感到无比沮丧，似乎无论怎么努力都无法掌握好技巧。
年龄的限制让我觉得自己永远无法达到年轻人的水平，这种不公平的感觉让我更加消极。
高额的保险费用也让我心生畏惧，担心自己在学习过程中会出意外，增加经济负担。
对于驾驶的恐惧感始终挥之不去，我开始怀疑自己是否适合学习驾驶。
"
"请对以下内容进行情感分析，请对于内容中表达的情感进行分类。
分类的标签来自以下六种情感：喜悦，悲伤，愤怒，恐惧，厌恶，中性。这六种情感的定义如下：

喜悦： 一种积极的情感，通常与快乐、满足和愉快相关。
悲伤： 一种负面情感，通常与失落、悲痛和沮丧相关。
愤怒： 一种情感，通常与愤怒、恼火和愤慨相关。
恐惧： 一种负面情感，通常与焦虑、害怕和不安相关。
厌恶： 一种情感，通常与厌恶、反感和恶心相关。
中性：只描述事实，没有任何上面五种情感的直接表达。

你只需要输出一种你认为最合适的分类。绝对不要输出对分类的解释，也不要输出任何的语义分割符号！","
过去一年，我购买的基金产品的收益真的令我感到非常开心。见证我的投资不断增值，让我感到极其满足。
这一成功经历激发了我的积极心态，我开始更加积极地看待未来的投资和财务决策。
我对未来的展望相对乐观，我相信市场会持续增长，我不害怕亏损，我也不担心可能错过更多的收益机会。
我坚信只要我持续做出正确的决策，包括多样化投资组合、定期监控市场情况和风险管理，我可以确保我的财务安全。
积极心态是我前进的动力，它鼓励我继续学习和适应不断变化的市场，以实现长期的财务目标。
我愿意接受挑战，并相信未来的机会将继续出现。
"
"请对以下内容进行情感分析，请对于内容中表达的情感进行分类。
分类的标签来自以下六种情感：喜悦，悲伤，愤怒，恐惧，厌恶，中性。这六种情感的定义如下：

喜悦： 一种积极的情感，通常与快乐、满足和愉快相关。
悲伤： 一种负面情感，通常与失落、悲痛和沮丧相关。
愤怒： 一种情感，通常与愤怒、恼火和愤慨相关。
恐惧： 一种负面情感，通常与焦虑、害怕和不安相关。
厌恶： 一种情感，通常与厌恶、反感和恶心相关。
中性：只描述事实，没有任何上面五种情感的直接表达。

你只需要输出一种你认为最合适的分类。绝对不要输出对分类的解释，也不要输出任何的语义分割符号！","
我刚刚安装了这个app，但整个注册流程真是太繁琐了。
我花了很多时间填写各种信息，而且要求的信息也太多了。
更糟糕的是，我绑定的信用卡居然被扣除了费用，但没有显示扣除的原因。太让人无语了！
我不明白为什么会有这种问题，我希望能够查到账单，但现在却查不到。
我绝对不会再用这个垃圾app了。
"
"请对以下内容进行情感分析，请对于内容中表达的情感进行分类。
分类的标签来自以下六种情感：喜悦，悲伤，愤怒，恐惧，厌恶，中性。这六种情感的定义如下：

喜悦： 一种积极的情感，通常与快乐、满足和愉快相关。
悲伤： 一种负面情感，通常与失落、悲痛和沮丧相关。
愤怒： 一种情感，通常与愤怒、恼火和愤慨相关。
恐惧： 一种负面情感，通常与焦虑、害怕和不安相关。
厌恶： 一种情感，通常与厌恶、反感和恶心相关。
中性：只描述事实，没有任何上面五种情感的直接表达。

你只需要输出一种你认为最合适的分类。绝对不要输出对分类的解释，也不要输出任何的语义分割符号！","
哇，我简直不敢相信！整理衣柜的时候，我居然发现了那些年轻时穿过的衣服，
它们的样式看起来仍然非常时尚，看来我年轻时候的品味很不错么：）
它们勾起了我很多美好的回忆。但现在时过境迁，我的身材变了，我已经穿不进去这些衣服了！:(
蓝瘦香菇！
"
"请对以下内容进行情感分析，请对于内容中表达的情感进行分类。
分类的标签来自以下六种情感：喜悦，悲伤，愤怒，恐惧，厌恶，中性。这六种情感的定义如下：

喜悦： 一种积极的情感，通常与快乐、满足和愉快相关。
悲伤： 一种负面情感，通常与失落、悲痛和沮丧相关。
愤怒： 一种情感，通常与愤怒、恼火和愤慨相关。
恐惧： 一种负面情感，通常与焦虑、害怕和不安相关。
厌恶： 一种情感，通常与厌恶、反感和恶心相关。
中性：只描述事实，没有任何上面五种情感的直接表达。

你只需要输出一种你认为最合适的分类。绝对不要输出对分类的解释，也不要输出任何的语义分割符号！","
今天的天气预报显示，白天温度在摄氏25度左右，夜晚可能会稍微降低。
这个地区的降雨概率很低，风速也很温和。明天是工作日，我需要早点起床准备上班。
"